{
	"partitions" : [
		{
			"name" : "Top",
			"pins" : [
				{
					"name" : "trigger",
					"strict" : false
				},
				{
					"name" : "segment[0]",
					"strict" : false
				},
				{
					"name" : "segment[1]",
					"strict" : false
				},
				{
					"name" : "segment[2]",
					"strict" : false
				},
				{
					"name" : "segment[3]",
					"strict" : false
				},
				{
					"name" : "segment[4]",
					"strict" : false
				},
				{
					"name" : "segment[5]",
					"strict" : false
				},
				{
					"name" : "segment[6]",
					"strict" : false
				},
				{
					"name" : "rs",
					"strict" : false
				},
				{
					"name" : "enable",
					"strict" : false
				},
				{
					"name" : "data[0]",
					"strict" : false
				},
				{
					"name" : "data[1]",
					"strict" : false
				},
				{
					"name" : "data[2]",
					"strict" : false
				},
				{
					"name" : "data[3]",
					"strict" : false
				},
				{
					"name" : "data[4]",
					"strict" : false
				},
				{
					"name" : "data[5]",
					"strict" : false
				},
				{
					"name" : "data[6]",
					"strict" : false
				},
				{
					"name" : "data[7]",
					"strict" : false
				},
				{
					"name" : "prb",
					"strict" : false
				},
				{
					"name" : "boton_acelerar",
					"strict" : false
				},
				{
					"name" : "clk",
					"strict" : false
				},
				{
					"name" : "rst_neg",
					"strict" : false
				},
				{
					"name" : "sensor_luz",
					"strict" : false
				},
				{
					"name" : "boton_jugar",
					"strict" : false
				},
				{
					"name" : "boton_alimentar",
					"strict" : false
				},
				{
					"name" : "boton_curar",
					"strict" : false
				},
				{
					"name" : "echo",
					"strict" : false
				}
			]
		}
	]
}